id,title,owning_institution,jurisdictions,authority_classes,source_classes,legal_force_or_role,corpus_boundary,coverage_status,access_statuses,access_test_date,recommended_ingestion_method,known_omissions_or_inconsistencies,primary_url
SRC001,legislation.gov.uk work catalogue and Atom feeds,The National Archives / King’s Printer,United Kingdom | England and Wales | Scotland | Northern Ireland,binding-authority,SC01 | SC02 | SC03 | SC06 | SC07,"Official publication metadata and work identities; legal force derives from each instrument, not the catalogue record.","All items exposed by the public legislation.gov.uk Atom catalogue, including primary, secondary, draft and EU-origin types represented by the source.",complete against official enumerated source,verified working,2026-07-25,"Retain the present year-facet enumerated harvest as the legislation source-family pack; publish snapshot, request ledger and exact denominator.","Catalogue presence is not proof of complete text, revision, commencement or effect coverage. Some classes are metadata-only.",https://www.legislation.gov.uk/all/data.feed?results-count=1
SRC002,legislation.gov.uk CLML and selected-passage resources,The National Archives / King’s Printer,United Kingdom | England and Wales | Scotland | Northern Ireland,binding-authority,SC01 | SC02 | SC04,"Official text representation for the selected version; users must still establish commencement, extent and effects.",CLML for instruments and subdivisions where XML is held; some older instruments are PDF-only.,progressively resolved,verified working,2026-07-25,"Continue live progressive hydration; cache deterministically by canonical version URL and source hash, never by title alone.",Latest displayed text is not necessarily operative everywhere; XML is unavailable for some historical material.,https://www.legislation.gov.uk/ukpga/2021/1/data.xml
SRC003,legislation.gov.uk effects feeds,The National Archives / King’s Printer,United Kingdom | England and Wales | Scotland | Northern Ireland,binding-authority,SC05,Official editorial records of amendments and other effects; an effect record supports change research but absence is not proof of no effect.,Affected and affecting feeds for instruments/provisions where effects have been recorded.,partially complete,verified working,2026-07-25,Ingest as an evidence-bearing temporal graph with an explicit source-coverage qualifier on every derived “in force” conclusion.,Normally records amendments made from 1994 onwards; several legislation types have incomplete effect coverage.,https://legislation.github.io/data-documentation/api/search.html
SRC004,legislation.gov.uk Publication Log,The National Archives / King’s Printer,United Kingdom,history,SC04 | SC05 | SC25,"Official publication-event feed; evidences publication, republication and withdrawal, not substantive legal effect by itself.","Events for legislation, drafts, associated documents, impact assessments and sets of changes.",partially complete,verified working,2026-07-25,"Use as incremental-refresh trigger, then re-fetch authoritative work/version/effect resources; never treat it as a complete historical audit log.",Some resources published before/around log launch lack events; published dates may not be true original publication dates.,https://www.legislation.gov.uk/update/data.feed
SRC005,legislation.gov.uk associated documents and impact assessments,The National Archives and originating departments,United Kingdom | Devolved jurisdictions,history,SC25,Official explanatory/contextual material; not legislation unless separately enacted or made.,"Associated documents linked from legislation metadata and Publication Log, including explanatory notes, memoranda and UK impact assessments where published.",partially complete,documented but not tested,2026-07-25,"Discover from metadata and Publication Log, hydrate on demand, and label legal role explicitly as history/explanation.",Associated documents are uneven across periods/types; title alone is not a reliable type classifier.,https://www.legislation.gov.uk/update/associated-documents/data.feed
SRC006,legislation.gov.uk draft legislation catalogue,The National Archives / sponsoring institutions,United Kingdom | Scotland | Wales | Northern Ireland,history,SC03,Draft material is non-operative unless and until enacted/made; it is evidence of legislative process and proposed text.,Draft statutory instruments and other draft types represented by official catalogue codes.,complete against official enumerated source,documented but not tested,2026-07-25,Retain in legislation pack with a visually and semantically non-operative status.,A draft title does not prove identity with a later made instrument.,https://www.legislation.gov.uk/draft/data.feed?results-count=20
SRC007,legislation.gov.uk research bulk data and SPARQL surfaces,The National Archives,United Kingdom,binding-authority | history,SC01 | SC04 | SC05,Potential bulk/linked-data access to official corpus; authority remains with source records.,Research Legislation bulk collections and linked-data endpoint as documented by publisher.,access-restricted,authenticated or restricted | verified working,2026-07-25,Register as a preferred future bulk lane but keep public Atom/CLML as the reproducible fallback.,Anonymous access restriction; operational and licensing terms may change.,https://research.legislation.gov.uk/data
SRC008,"legislation.gov.uk EU-origin, retained and assimilated law",The National Archives / Publications Office of the European Union,United Kingdom | European Union origin,binding-authority | history,SC06 | SC32,Domestic legal status depends on UK withdrawal legislation and subsequent amendments; EU source remains essential for origin/history.,"EU legal acts, consolidations, corrigenda and selected treaties published under the statutory UK publication duty.",partially complete,verified working,2026-07-25,Keep UK operative/discovery records in the legislation pack and federate to EUR-Lex/CELLAR for source history and multilingual manifestations.,UK publication is not a substitute for full EUR-Lex historical/preparatory coverage; legal status is not inferable from document presence.,https://www.legislation.gov.uk/eu-origin
SRC009,Find Case Law public service,"The National Archives with MoJ, HMCTS and Judicial Office",England and Wales | United Kingdom for UKSC/JCPC,binding-authority | persuasive-authority,SC09 | SC10 | SC11 | SC12 | SC14,"Official free publication of judgments/decisions; precedential force depends on court, issue, date and later treatment.",England-and-Wales courts/tribunals received for publication plus UKSC and Privy Council; excludes Scottish and Northern Irish courts/tribunals.,partially complete,verified working | verified working,2026-07-25,Harvest metadata and permitted text only under the applicable licence; maintain per-court coverage ledger and live-source verification.,Not all decisions are written or sent; lower-court coverage is selective; appeal status may not be linked; no Scotland/NI corpus.,https://caselaw.nationalarchives.gov.uk/
SRC010,Find Case Law API and computational-analysis licence,The National Archives,England and Wales | United Kingdom for UKSC/JCPC,binding-authority | persuasive-authority,SC09 | SC10 | SC13,Machine access to the official case-law publication; does not alter legal force.,API access to Find Case Law records; bulk computational analysis is separately licensed.,licence-restricted,documented but not tested | verified working,2026-07-25,Create a licence-gated adapter with a no-text public-metadata mode and explicit feature flags.,No licence was obtained or exercised during this research; therefore no bulk operational claim is made.,https://caselaw.nationalarchives.gov.uk/terms-of-use
SRC011,Find Case Law Supreme Court collection,The National Archives / UK Supreme Court,United Kingdom,binding-authority,SC09 | SC12 | SC14,"Final appellate authority subject to jurisdictional limits; substantive judgment is authoritative, press summary is not.",All substantive UKSC judgments since establishment according to the official court coverage page.,complete against official enumerated source,verified working,2026-07-25,Use as the first court-level denominator pilot and reconciliation test against UKSC’s own site.,House of Lords decisions before 2009 are separate archival sources; appeal/citator relationships still need enrichment.,https://caselaw.nationalarchives.gov.uk/courts-and-tribunals/uksc
SRC012,Find Case Law lower-court and tribunal collections,The National Archives / HMCTS / judiciary,England and Wales,binding-authority | persuasive-authority,SC09 | SC10 | SC14,"Authority varies by court/tribunal; decisions may be binding, persuasive or fact-specific.","Court-specific collections including appellate/high courts, upper tribunals and selected lower courts/first-tier tribunals.",partially complete,verified working,2026-07-25,"One source-family adapter, but separate coverage-ledger rows and acceptance thresholds per court/chamber.",Crown/County/Family/first-tier coverage can be highly selective; verbal judgments may never be transcribed.,https://caselaw.nationalarchives.gov.uk/courts-and-tribunals
SRC013,Scottish Courts and Tribunals Service judgments,Scottish Courts and Tribunals Service,Scotland,binding-authority | persuasive-authority,SC09 | SC10 | SC12 | SC14,Official Scottish judgments; authority depends on court and subject.,"Published judgments/opinions selected for publication, with searchable material mainly from 1999 and separate feeds.",partially complete,verified working | verified working,2026-07-25,Federate as a distinct jurisdictional pack; do not merge records solely by party names.,Not all decisions are published; coverage and identifiers differ from Find Case Law; no unified UK denominator.,https://www.scotcourts.gov.uk/search-judgments/
SRC014,Judiciary NI judgments,Judiciary NI / Courts and Tribunals Service,Northern Ireland,binding-authority | persuasive-authority,SC09 | SC10 | SC12 | SC14,Official Northern Ireland judgments; force depends on court and issue.,Published judgments and decisions made available by the Northern Ireland judiciary.,partially complete,verified working,2026-07-25,Metadata-first adapter plus on-demand PDF/HTML passage extraction; keep coverage unknown/partial until official enumeration is established.,No official complete denominator or machine API verified; coverage may be selective.,https://www.judiciaryni.uk/judicial-decisions
SRC015,BAILII case-law database,British and Irish Legal Information Institute,United Kingdom | Ireland | European/international collections,persuasive-authority | contextual-material,SC09 | SC10 | SC12 | SC35 | SC36,Valuable free secondary publication; not the official publisher for most records and coverage is uneven.,"Multi-jurisdiction database of judgments, tribunal decisions and legislation supplied from varied sources.",documented but inaccessible,unavailable,2026-07-25,Use only as a secondary discovery/legacy-coverage lane with explicit publisher status and source reconciliation.,Not official for most cases; missing/corrected records and duplicate identities are possible; tested access failed.,https://www.bailii.org/bailii/
SRC016,UK Supreme Court and Judicial Committee websites,UK Supreme Court / Judicial Committee of the Privy Council,United Kingdom | Commonwealth/overseas jurisdictions for JCPC,binding-authority | history,SC09 | SC11 | SC12,Court-published judgments and orders; press summaries are explanatory and not part of the judgment.,"Judgments, case details, hearing information, press summaries and related documents on the courts’ own websites.",partially complete,verified working | documented but not tested,2026-07-25,"Use for reconciliation, case metadata and related materials; canonical judgment passage should prefer FCL where available.",Potential duplicates with FCL; press summaries must never be treated as authoritative holdings.,https://www.supremecourt.uk/decided-cases/index.html
SRC017,The National Archives Discovery legal records,The National Archives,United Kingdom | England and Wales,history,SC35 | SC09 | SC24,"Archival catalogue/records; evidential role depends on the record, not catalogue metadata.","Paper and digitised historical legal, court, parliamentary and government records transferred to TNA.",discovery-only,verified working,2026-07-25,Discovery-only federation with explicit “archival/non-current” role and no automatic passage claims.,Catalogue presence does not mean digital text; legal status and current authority require separate research.,https://discovery.nationalarchives.gov.uk/
SRC018,Civil Procedure Rules and practice directions,Ministry of Justice / Civil Procedure Rule Committee,England and Wales,procedural-material,SC15 | SC16,"Procedural rules and directions governing civil proceedings; precise force depends on rule, practice direction and enabling legislation.","Current CPR parts, practice directions, pre-action protocols, forms links and update instruments published on GOV.UK/Justice.",partially complete,verified working | verified working,2026-07-25,Harvest structured HTML into a procedure pack; verify currency against latest amending SI and update notice at answer time.,Online consolidation can lag a newly made amendment; historical versions are not consistently exposed as structured data.,https://www.justice.gov.uk/courts/procedure-rules/civil
SRC019,Criminal Procedure Rules and practice directions,Ministry of Justice / Criminal Procedure Rule Committee / Judiciary,England and Wales,procedural-material,SC15 | SC16,Procedural rules and judicial directions for criminal proceedings.,"Current criminal procedure rules, practice directions and amendments.",partially complete,verified working,2026-07-25,Metadata catalogue plus version-addressed documents; link every deadline/procedure proposition to rule or direction passage.,Historical version reconstruction is non-trivial; directions may appear on judiciary and GOV.UK surfaces.,https://www.gov.uk/guidance/rules-and-practice-directions-2020
SRC020,Family Procedure Rules and practice directions,Ministry of Justice / Family Procedure Rule Committee,England and Wales,procedural-material,SC15 | SC16,Procedural rules and directions governing family proceedings.,"Current FPR parts, practice directions, forms and update material.",partially complete,verified working,2026-07-25,Procedure-family adapter sharing the civil-rule parser but retaining distinct jurisdiction/force.,Some forms/guidance live on separate HMCTS pages; historical versions are not uniform.,https://www.justice.gov.uk/courts/procedure-rules/family
SRC021,Tribunal Procedure Rules and practice directions,Ministry of Justice / Tribunal Procedure Committee / Judiciary,United Kingdom | England and Wales,procedural-material,SC15 | SC16,Procedural rules for tribunal chambers; applicability is chamber- and jurisdiction-specific.,Rules and practice directions for First-tier and Upper Tribunal chambers and related bodies.,partially complete,verified working,2026-07-25,Model each chamber separately and link to tribunal competence/reference data.,"Rules, forms and chamber guidance can be split across multiple sites; UK-wide applicability varies.",https://www.gov.uk/government/collections/tribunal-procedure-rules
SRC022,Judiciary practice directions and guidance,Judiciary of England and Wales,England and Wales,procedural-material | official-guidance,SC16 | SC22,Judicial directions/guidance; force must be classified per document and relationship to procedural rules.,"Practice directions, guidance, protocols and judicial office publications.",partially complete,verified working,2026-07-25,Discovery and on-demand hydration with mandatory force/supersession review before use.,Search/category taxonomy is not a legal-force taxonomy; duplicate/superseded PDFs can persist.,https://www.judiciary.uk/guidance-and-resources/practice-directions/
SRC023,HMCTS forms,HM Courts & Tribunals Service,England and Wales | United Kingdom for some tribunals,procedural-material | legal-service-information,SC17,Official procedural forms and service information; form revision and required use depend on relevant rule/Practice Direction.,Court and tribunal forms published through GOV.UK and linked collections.,partially complete,verified working,2026-07-25,Metadata harvest; download on demand; warn whenever cached form revision differs from live source.,Collection does not by itself prove mandatory/current use in a particular proceeding.,https://www.gov.uk/government/collections/court-and-tribunal-forms
SRC024,HMCTS court and tribunal fees,HM Courts & Tribunals Service / Ministry of Justice,England and Wales | United Kingdom for some tribunals,procedural-material | legal-service-information,SC17,Official fee information; legal obligation ultimately rests on fee orders and exemptions/remission rules.,"Current fee tables, guidance and help-with-fees information.",progressively resolved,verified working,2026-07-25,"Local metadata for discovery, mandatory live verification and legislation link before presenting a payable amount.",Guidance can simplify exceptions and is not a substitute for the operative fee order in disputed cases.,https://www.gov.uk/court-fees-what-they-are
SRC025,Court and Tribunal Hearings Service (CaTH) data,HM Courts & Tribunals Service,England | Scotland | Wales,legal-service-information,SC31,Operational listing data; not a legal authority and highly time-sensitive.,Raw hearing/listing data published via CaTH to approved third-party licensees.,access-restricted,verified working | authenticated or restricted,2026-07-25,"Do not include in early static bundle. Add a separately authorised, non-cache-by-default live provider lane only after DPIA/licence/security review.",Not public bulk data; high volatility; inclusion could expose personal/sensitive information if mishandled.,https://www.gov.uk/government/publications/hmcts-third-party-courts-and-tribunals-data-licence
SRC026,Find a Court or Tribunal service,HM Courts & Tribunals Service,England and Wales | some UK-wide tribunal services,legal-service-information,SC14 | SC17,Official service-location and contact information; not legal authority.,"Public directory of courts/tribunals, addresses, facilities, opening times and service information.",discovery-only,verified working,2026-07-25,Provider datapack/live-link model with an explicit operational-currentness warning.,No complete historical record or public API verified; names may differ from legal institutional identities.,https://www.find-court-tribunal.service.gov.uk/
SRC027,Sentencing Council guidelines,Sentencing Council for England and Wales,England and Wales,procedural-material | official-guidance,SC18,"Definitive guidelines engage statutory sentencing duties; legal application depends on offence, date and exceptions.","Definitive guidelines, overarching guidance, consultations and archived/superseded versions where published.",partially complete,verified working,2026-07-25,"Harvest metadata and structured headings, retain versioned content, and make effective-date selection mandatory.",Current page may not apply to historical conduct; offence/category mappings need expert review.,https://www.sentencingcouncil.org.uk/guidelines/
SRC028,Crown Prosecution Service legal guidance,Crown Prosecution Service,England and Wales,official-guidance,SC19,"Official prosecution policy/guidance; not legislation and does not bind courts, though it guides CPS decision-making.","CPS legal guidance topics, charging standards and prosecution policy materials.",partially complete,verified working,2026-07-25,Metadata and versioned snapshot where licence permits; label as official guidance and link controlling authorities separately.,Guidance is not controlling authority; archived versions and local policies may be absent.,https://www.cps.gov.uk/legal-guidance
SRC029,COPFS Prosecution Code and guidance,Crown Office and Procurator Fiscal Service,Scotland,official-guidance,SC19,Official Scottish prosecution code/policy; not a substitute for legislation or judicial authority.,"Prosecution Code, disclosure code and subject guidance published by COPFS.",partially complete,verified working | verified working,2026-07-25,Scottish prosecution source-family adapter with source/date snapshots and explicit non-binding label.,Guidance does not establish court outcome; historic policies may need archive research.,https://www.copfs.gov.uk/publications/prosecution-code/
SRC030,Public Prosecution Service NI Code for Prosecutors,Public Prosecution Service for Northern Ireland,Northern Ireland,official-guidance,SC19,Official prosecution policy for Northern Ireland; not binding judicial authority.,"Code for Prosecutors, prosecution process and policy publications.",partially complete,verified working | verified working,2026-07-25,Northern Ireland guidance pack with versioned documents and controlling-authority links.,Policy is not law; historic editions may not remain linked.,https://www.ppsni.gov.uk/code-prosecutors
SRC031,FCA Handbook,Financial Conduct Authority,United Kingdom,delegated-administrative-rules | official-guidance,SC20 | SC22,"Mix of binding rules, evidential provisions, guidance and sourcebooks; each provision’s type and legal basis must be preserved.","FCA Handbook modules, instruments, guidance and related materials.",documented but inaccessible,unavailable | verified working,2026-07-25,Start metadata-only with live links and source-status monitoring; add licensed/terms-compliant snapshot after explicit permission review.,Direct access failed in this test; rules and guidance can be visually adjacent; online consolidation may require instrument verification.,https://handbook.fca.org.uk/
SRC032,FCA enforcement and notices,Financial Conduct Authority,United Kingdom,delegated-administrative-rules | history,SC21,Final notices and decisions have formal legal/regulatory effect for the named matter; press releases are contextual.,"Final notices, decision notices where publishable, warning notices statements, enforcement actions and outcomes.",partially complete,verified working,2026-07-25,Metadata-first ingestion with on-demand notice PDFs and explicit decision/press-release distinction.,Search categories may omit older or migrated notices; press summaries cannot replace the formal notice.,https://www.fca.org.uk/publications/search-results?category=notices
SRC033,PRA Rulebook,Prudential Regulation Authority / Bank of England,United Kingdom,delegated-administrative-rules | official-guidance,SC20,PRA rules are binding on relevant firms; the online Rulebook is a consolidation and legal instruments remain definitive for amendment history.,"PRA Rulebook parts, policy material and legal instruments.",partially complete,verified working | verified working,2026-07-25,Rulebook adapter with explicit provision type and instrument-backed temporal graph.,Online consolidation is convenient but legal instruments are definitive; guidance and rules must not be flattened.,https://www.prarulebook.co.uk/
SRC034,"Ofcom rules, codes and regulatory statements",Ofcom,United Kingdom,delegated-administrative-rules | official-guidance,SC20 | SC22,"Mixture of statutory codes, conditions, decisions and guidance; force depends on statutory basis and document type.","Broadcasting/communications/online-safety codes, general conditions, statements, consultations and guidance.",partially complete,verified working,2026-07-25,Regime-specific packs sharing a regulator core model; preserve consultation-to-final lineage.,"Search/topic pages mix consultation, statement, rule and guidance; legal-force classification is essential.",https://www.ofcom.org.uk/tv-radio-and-on-demand/broadcast-standards/broadcast-code
SRC035,Ofcom enforcement decisions,Ofcom,United Kingdom,delegated-administrative-rules | history,SC21,Formal decisions/notices may impose or record regulatory consequences; news summaries are contextual.,"Enforcement cases, sanctions, breach findings and related notices across Ofcom regimes.",partially complete,verified working,2026-07-25,Model enforcement lifecycle and hydrate final formal documents before answer synthesis.,Open/closed status and appeal outcomes can be on separate pages.,https://www.ofcom.org.uk/about-ofcom/bulletins/enforcement-bulletin
SRC036,"ICO statutory guidance, codes and regulatory guidance",Information Commissioner’s Office,United Kingdom,official-guidance | delegated-administrative-rules,SC22 | SC20,Includes statutory codes/guidance and non-statutory regulatory explanation; force must be stated per publication.,"Data protection, freedom of information, PECR and AI guidance/codes.",partially complete,verified working,2026-07-25,Guidance pack with explicit statutory-basis field and live-source drift checks.,Guidance may not reflect pending law/cases immediately; statutory and non-statutory force differs.,https://ico.org.uk/for-organisations/
SRC037,ICO decision notices and enforcement action,Information Commissioner’s Office,United Kingdom,delegated-administrative-rules | persuasive-authority,SC21 | SC23,Decision notices and enforcement instruments have defined statutory effects and appeal routes; case summaries are secondary.,"FOI/EIR decision notices, enforcement notices, monetary penalties and undertakings.",partially complete,verified working | verified working,2026-07-25,Ingest notice metadata and final documents; reconcile appeals with tribunal/case-law packs.,Appeal status and later case law may not be linked; search metadata varies across years.,https://ico.org.uk/action-weve-taken/decision-notices/
SRC038,Competition and Markets Authority cases and decisions,Competition and Markets Authority,United Kingdom,delegated-administrative-rules | history | official-guidance,SC21 | SC22,Formal decisions/orders/undertakings have legal effects; consultations and press releases are contextual.,"Merger, antitrust, consumer, market-study and subsidy cases, decisions and guidance.",partially complete,verified working,2026-07-25,Case-lifecycle adapter with typed document roles and appeal links.,"Case pages mix binding decisions, evidence, consultation and press material.",https://www.gov.uk/cma-cases
SRC039,Environment Agency enforcement and sanctions publications,Environment Agency,England,delegated-administrative-rules | history,SC21,Formal sanctions/notices have statutory effects; published summaries may be selective.,"Enforcement undertakings, sanctions and prosecutions published by the Environment Agency.",partially complete,verified working,2026-07-25,Treat each published register as a bounded dataset with its own denominator and retention policy.,Coverage is regime-specific and may not include every enforcement action.,https://www.gov.uk/government/publications/environment-agency-enforcement-undertakings-accepted
SRC040,Local Government and Social Care Ombudsman decisions,Local Government and Social Care Ombudsman,England,persuasive-authority,SC23,"Findings/recommendations under the ombudsman scheme; not court precedent, though public bodies usually comply.",Published decision statements and investigation reports relating to local government and social care.,partially complete,verified working | verified working,2026-07-25,Metadata harvest with retention-aware coverage ledger; never derive a complete complaint history.,Not all decisions published; time-limited retention means historical absence is not evidence of no decision.,https://www.lgo.org.uk/decisions
SRC041,Parliamentary and Health Service Ombudsman case decisions,Parliamentary and Health Service Ombudsman,United Kingdom for parliamentary complaints | England for health service complaints,persuasive-authority,SC23,Ombudsman findings/recommendations; not judicial precedent.,"Published case decisions, case summaries and reports.",partially complete,verified working,2026-07-25,Metadata-first pack with explicit “published investigated cases” boundary and period split.,"Pre-April-2021 public material is selected, not complete; not all cases are investigated/published.",https://www.ombudsman.org.uk/decisions
SRC042,Scottish Public Services Ombudsman decisions and reviews,Scottish Public Services Ombudsman,Scotland,persuasive-authority,SC23,Ombudsman decisions/recommendations and Scottish Welfare Fund reviews; not judicial precedent.,"Decision reports, summaries and Scottish Welfare Fund review decisions.",partially complete,verified working | verified working,2026-07-25,Separate ombudsman decision and welfare-fund review subtypes; preserve scheme/legal basis.,Publication does not equal all complaints; separate schemes have different force and review routes.,https://www.spso.org.uk/our-findings
SRC043,Northern Ireland Public Services Ombudsman findings,Northern Ireland Public Services Ombudsman,Northern Ireland,persuasive-authority,SC23,Ombudsman findings/recommendations under Northern Ireland legislation; not court precedent.,"Investigation reports, public interest reports and own-initiative materials.",partially complete,verified working,2026-07-25,"Metadata harvest, on-demand PDF extraction and explicit publication-boundary statement.",Not every complaint results in a published report; search structure may change.,https://nipso.org.uk/nipso/publications
SRC044,UK Parliament Bills service,UK Parliament,United Kingdom,history,SC03 | SC24 | SC25,Official legislative-process material; Bill text is proposed law until enacted.,"Public and private Bills, versions, stages, amendments, explanatory notes and related documents.",complete against official enumerated source,verified working,2026-07-25,Harvest metadata and version links; keep stage/version lineage and link enacted legislation by evidence.,"A Bill title/version does not prove enacted text; amendments may be proposed, withdrawn or disagreed.",https://bills.parliament.uk/
SRC045,Hansard official report,UK Parliament,United Kingdom,history,SC24,"Official report of parliamentary proceedings; relevant to history and, in limited legal contexts, interpretation, but not legislation.","Commons, Lords and Westminster Hall debates and written statements on the current Hansard service.",partially complete,verified working,2026-07-25,Metadata and passage-level speech index with source gaps exposed; no automatic “legislative intent” conclusion.,Current site documents missing 2004–2006 content; Hansard is not a statement of enacted law.,https://hansard.parliament.uk/
SRC046,"UK Parliament committees, evidence and reports",UK Parliament,United Kingdom,history,SC24,Official scrutiny/evidence/reports; recommendations and witness evidence are not binding law.,"Select committee inquiries, oral/written evidence, reports, government responses and publications.",partially complete,verified working,2026-07-25,"Ingest inquiry/document graph and retain role labels for report, evidence and response.",Evidence can be unverified/opinion; committee recommendations are not law.,https://committees.parliament.uk/
SRC047,UK Parliament Statutory Instrument tracker,UK Parliament,United Kingdom,history | procedural-material,SC24 | SC02,Official parliamentary scrutiny information; does not replace the made instrument or parliamentary procedure law.,"SI scrutiny status, deadlines and links to instrument/explanatory material.",partially complete,verified working,2026-07-25,Federate to legislation work IDs and store tracker observations as temporal procedural events.,Coverage scope and historical retention require explicit ledgering; legal effect depends on instrument and procedure.,https://statutoryinstruments.parliament.uk/
SRC048,Scottish Parliament Bills and Official Report,Scottish Parliament,Scotland,history,SC03 | SC24 | SC25,Official devolved legislative-process material; Bills are proposed law and Official Report is history.,"Bills, amendments, stages, committee material, Official Report and explanatory/financial memoranda.",partially complete,verified working | verified working,2026-07-25,Devolved parliamentary adapter sharing core Bill/Stage/Document model but retaining native identifiers.,No single cross-UK Bill identity; enacted link must be evidenced.,https://www.parliament.scot/bills-and-laws/bills
SRC049,Senedd Cymru legislation and Record of Proceedings,Senedd Cymru / Welsh Parliament,Wales,history,SC03 | SC24 | SC25,Official Welsh legislative-process material; Bills are proposed law and proceedings are history.,"Bills, amendments, explanatory memoranda, committee scrutiny and Record of Proceedings.",partially complete,verified working | verified working,2026-07-25,Bilingual-first adapter with language-tagged expressions and enacted-work reconciliation.,English and Welsh versions must not be conflated; explanatory material is non-operative.,https://senedd.wales/senedd-business/legislation/
SRC050,Northern Ireland Assembly Bills and Official Report,Northern Ireland Assembly,Northern Ireland,history,SC03 | SC24 | SC25,Official devolved legislative-process material; Bills are proposed law and proceedings are history.,"Bills, stages, committee scrutiny, Official Report and related documents.",partially complete,verified working | verified working,2026-07-25,Native adapter with explicit Assembly-term/status and enacted-work reconciliation.,Institutional suspension periods and legacy site migrations affect continuity.,https://www.niassembly.gov.uk/assembly-business/legislation/
SRC051,Law Commission publications and projects,Law Commission of England and Wales,England and Wales,history,SC26,Official independent law-reform analysis and recommendations; not law until implemented.,"Projects, consultations, reports, draft Bills, government responses and implementation information.",partially complete,verified working,2026-07-25,"Project graph linking consultations, reports, government responses and enacted implementation.","Recommendations may be partial, rejected or superseded; implementation status needs legislation links.",https://lawcom.gov.uk/our-work/
SRC052,Scottish Law Commission publications,Scottish Law Commission,Scotland,history,SC26,Official Scottish law-reform analysis and recommendations; not law until implemented.,"Discussion papers, reports, draft Bills, consultations and project information.",partially complete,verified working,2026-07-25,Scottish law-reform pack aligned to common project/publication model.,Search count is not necessarily a stable denominator; implementation may occur through Scottish or UK legislation.,https://www.scotlawcom.gov.uk/publications/
SRC053,Public inquiry reports and recommendation tracking,Cabinet Office / sponsoring departments / inquiry chairs,United Kingdom | devolved jurisdictions where applicable,history,SC27,"Official inquiry findings/recommendations; legal force depends on implementing action, not report publication alone.","Statutory/non-statutory inquiry websites, reports, evidence, rulings and government recommendation tracking.",partially complete,verified working | verified working,2026-07-25,Central discovery register plus per-inquiry adapters; never infer implementation from “accepted” without downstream evidence.,"No complete central catalogue; inquiry evidence may be restricted, redacted or removed.",https://www.gov.uk/government/publications/public-inquiries-recommendations-dashboard
SRC054,"Official accident investigation reports (AAIB, RAIB, MAIB)",Department for Transport investigation branches,United Kingdom,history,SC27,Official safety investigation findings/recommendations; not determinations of civil or criminal liability.,"Published aviation, rail and marine accident reports, bulletins and recommendations.",partially complete,verified working | verified working | verified working,2026-07-25,Typed investigation pack with explicit non-liability role and recommendation-response graph.,Reports explicitly do not apportion blame/legal liability; branch archives differ.,https://www.gov.uk/aaib-reports
SRC055,UK Treaties Online and treaty dataset,"Foreign, Commonwealth & Development Office",United Kingdom | International,binding-authority | history,SC08,Official UK treaty records; legal effect depends on signature/ratification/entry into force and domestic implementation.,"UK bilateral/multilateral treaty records, command papers and treaty series, around 15,000 records according to publisher.",partially complete,verified working | verified working,2026-07-25,"Ingest official CSV metadata, hydrate documents on demand, and link domestic implementing legislation separately.",Domestic legal effect is not inferable from treaty status alone; UKTO advises checking depositary for current status.,https://treaties.fcdo.gov.uk/
SRC056,EUR-Lex,Publications Office of the European Union,European Union | United Kingdom relevance,binding-authority | history,SC32 | SC06 | SC08,Official EU legal database; relevance/force in UK law depends on domestic status and temporal context.,"EU legislation, treaties, case law, preparatory acts, Official Journal and consolidated texts.",partially complete,verified working | authenticated or restricted | verified working,2026-07-25,Federated metadata plus CELLAR-backed bulk lane; never mirror all multilingual content into browser startup.,"Consolidated text is usually documentary convenience, not a new legal act; UK relevance requires domestic mapping.",https://eur-lex.europa.eu/
SRC057,CELLAR repository and APIs,Publications Office of the European Union,European Union | United Kingdom relevance,history | binding-authority,SC32,Official repository/dissemination infrastructure for EU publications and metadata.,Content and metadata underpinning EUR-Lex and other EU portals.,unknown or not yet researched,verified working | documented but not tested,2026-07-25,"Server-side bulk/graph ingestion for selected UK-relevant sectors, publishing compact indexes to OKF.",Complex CDM model; service endpoints and caps can change; UK use requires relevance filtering.,https://op.europa.eu/en/web/about-us/legal-notices/accessibility
SRC058,HUDOC European Court of Human Rights database,European Court of Human Rights / Council of Europe,Council of Europe | United Kingdom relevance,binding-authority | persuasive-authority,SC33,ECtHR judgments bind respondent states under the Convention framework; domestic interpretive effect requires UK-law context.,"Judgments, decisions, communicated cases, legal summaries and related materials in HUDOC.",partially complete,verified working | verified working,2026-07-25,"Metadata harvest under terms, live paragraph verification, and explicit UK relevance/Convention status.",Translations/legal summaries are not always authoritative; historical omissions and document-status distinctions matter.,https://hudoc.echr.coe.int/
SRC059,The Gazette,The Stationery Office under authority of HM Government,United Kingdom | England and Wales | Scotland | Northern Ireland,history | binding-authority,SC29,Official permanent public record; particular notice legal effects derive from the governing statute/process.,"London, Edinburgh and Belfast Gazette notices including insolvency, company, planning, honours and public appointments.",complete against official enumerated source,verified working | verified working,2026-07-25,"Use API/RDF for metadata, preserve permanent URL and digital-signature evidence, hydrate notice text on demand.","A notice is evidence of publication, not necessarily proof that all substantive conditions were met or remain current.",https://www.thegazette.co.uk/
SRC060,Local authority byelaws and local legal publications,Local authorities and other byelaw-making bodies,England | Wales | Scotland | Northern Ireland,binding-authority,SC07,Locally made rules with force of law within their enabling power and geographic area.,"Byelaws, local schemes, orders and registers published across hundreds of local/public bodies.",unknown or not yet researched,verified working | documented but not tested,2026-07-25,Discovery ledger per authority; metadata-only until an authoritative document/register is found; never claim national completeness.,"No central record, uneven digitisation, revocation gaps, ambiguous local identifiers.",https://www.gov.uk/guidance/local-government-legislation-byelaws
SRC061,Legal Aid Agency eligibility and service information,Legal Aid Agency / Ministry of Justice,England and Wales,legal-service-information | official-guidance,SC28,"Official eligibility and access information; individual entitlement depends on law, means/merits and case facts.","Civil/criminal legal aid eligibility, calculators, provider finding, exceptional case funding and forms.",progressively resolved,verified working | verified working,2026-07-25,Discovery and rule-source links only; no automated entitlement conclusion without facts and escalation.,Simplified service questions do not resolve every legal-aid entitlement; Scotland/NI use separate systems.,https://www.gov.uk/check-legal-aid
SRC062,Scottish Legal Aid Board information,Scottish Legal Aid Board,Scotland,legal-service-information | official-guidance,SC28,Official Scottish legal-aid service information; entitlement is fact- and scheme-dependent.,"Eligibility, applications, solicitor/provider information and practitioner guidance.",partially complete,verified working,2026-07-25,Separate jurisdiction pack and escalation to SLAB/qualified adviser for entitlement decisions.,No cross-UK equivalence; guidance does not substitute for regulations or case assessment.,https://www.slab.org.uk/
SRC063,Legal aid and public legal assistance in Northern Ireland,Department of Justice NI / Legal Services Agency NI,Northern Ireland,legal-service-information | official-guidance,SC28,Official Northern Ireland legal-aid/service information; entitlement depends on local legislation and facts.,"Legal aid guidance, forms, provider and scheme information.",partially complete,verified working,2026-07-25,Northern Ireland service-information pack with controlling-legislation links and human escalation.,No UK-wide harmonisation; guidance can be simplified.,https://www.justice-ni.gov.uk/topics/legal-aid
SRC064,GOV.UK and devolved public legal guidance,Government Digital Service and responsible public bodies,United Kingdom | England and Wales | Scotland | Northern Ireland,official-guidance | legal-service-information,SC22 | SC28,Official public explanation/service guidance; not controlling law unless the page itself publishes a statutory instrument/code.,"Rights, obligations, process and service guidance across GOV.UK, mygov.scot, GOV.WALES and nidirect.",partially complete,verified working | verified working | verified working | verified working,2026-07-25,Discovery and plain-language layer linked to authoritative sources; never rank above controlling authority.,"Guidance may simplify, omit exceptions or lag legal change; platforms cover different competencies.",https://www.gov.uk/browse/justice
SRC065,Bar Standards Board Handbook and decisions,Bar Standards Board,England and Wales,delegated-administrative-rules | official-guidance,SC34 | SC21,Regulatory rules for barristers/entities under statutory regulatory framework; guidance/decisions have distinct roles.,"BSB Handbook, rule changes, guidance, disciplinary/enforcement decisions and sanctions.",partially complete,verified working,2026-07-25,Professional-regulator pack with provision type and version model shared with FCA/PRA adapters.,Guidance and mandatory rules can be adjacent; decision registers may have retention limits.,https://www.barstandardsboard.org.uk/for-barristers/bsb-handbook-and-code-guidance.html
SRC066,SRA Standards and Regulations and decisions,Solicitors Regulation Authority,England and Wales,delegated-administrative-rules | official-guidance,SC34 | SC21,Regulatory requirements for solicitors/firms; guidance and disciplinary decisions have distinct force.,"Standards and Regulations, guidance, waivers, disciplinary decisions and interventions.",partially complete,verified working | verified working,2026-07-25,Regulator model with privacy-aware person/entity records and time-bounded decision state.,Register results are operationally current and may not provide full historical context; rules vs guidance must be distinguished.,https://www.sra.org.uk/solicitors/standards-regulations/
SRC067,Judicial and tribunal office reference sources,Judicial Office / HMCTS / devolved judicial bodies,United Kingdom | England and Wales | Scotland | Northern Ireland,legal-service-information,SC14 | SC30,"Official reference information about courts, tribunals and office-holders; not substantive law.","Court/tribunal descriptions, jurisdiction, judiciary lists and organisational structure.",partially complete,verified working | verified working,2026-07-25,"Curated authority registry with temporal identities, source citations and no automatic sameAs from labels.",Names are not stable identifiers; court reorganisations and acting appointments complicate identity.,https://www.judiciary.uk/courts-and-tribunals/
SRC068,Official law reports and ICLR platform,Incorporated Council of Law Reporting for England and Wales,England and Wales,contextual-material | persuasive-authority,SC12 | SC13 | SC36,Authorised law reports are highly significant for citation practice; the reporter/editorial apparatus is not an official government source and access is partly commercial.,"Law reports, case summaries, citations and citator/editorial services.",licence-restricted,verified working,2026-07-25,"Metadata-only optional connector, never a required public-core dependency; licensed integration as a separate provider.",Not freely or wholly reusable; editorial treatment must not be represented as official court metadata.,https://www.iclr.co.uk/
SRC069,Westlaw UK and Lexis+ legal research services,Thomson Reuters / LexisNexis,United Kingdom,contextual-material,SC13 | SC36,Commercial editorial databases/citators; valuable but not official sources of legal authority.,"Legislation, case law, citator treatment, commentary, forms and journals under subscription.",licence-restricted,verified working | verified working,2026-07-25,"Document as optional licensed connectors and a gap in public citator capability, not as a core ingestion source.",Unavailable as public open data; treatment signals cannot be copied into open bundle without rights.,https://legal.thomsonreuters.com/en/products/westlaw
SRC070,UK Web Archive legal and government collections,The National Archives / British Library partners,United Kingdom,history,SC35,Archived web evidence; not necessarily current or authoritative at the time of use.,"Captured government, regulatory, inquiry and legal websites that have changed or closed.",partially complete,verified working,2026-07-25,Use as historical fallback with prominent capture date and no live-currentness inference.,Capture gaps; replay may omit scripts/assets; archived guidance is not current.,https://webarchive.nationalarchives.gov.uk/
SRC071,Devolved government statutory guidance and regulatory publications,Scottish Government / Welsh Government / Northern Ireland departments,Scotland | Wales | Northern Ireland,official-guidance | delegated-administrative-rules,SC22 | SC20,"Statutory guidance, directions and policy documents whose legal force depends on local enabling law.","Cross-department devolved guidance, circulars, codes and regulatory documents.",partially complete,verified working | verified working | verified working,2026-07-25,Classifier-assisted discovery but human-reviewed authority/force typing before publication.,"Publication catalogues mix binding directions, statutory guidance, policy and consultation.",https://www.gov.scot/publications/
SRC072,Official public-body register and organisation data,GOV.UK / responsible administrations / Companies House where relevant,United Kingdom,legal-service-information,SC30,Reference data about public bodies and organisations; not proof of legal competence without founding/empowering source.,"Government organisation pages, public bodies lists, departmental roles and related identifiers.",partially complete,verified working,2026-07-25,Curated institution registry linked to legislation and source records with temporal lineage.,Directory membership does not establish every statutory power; identity changes create duplicates.,https://www.gov.uk/government/organisations
